{
  "products": [
    {
      "image": "https://assets.boost.shop/bbb3bdf6-b1fc-4005-ac19-866c9d3e785b/-/format/auto/-/quality/lighter/-/max_icc_size/10/-/resize/700x/",
      "title": "4-Pack: Beef Bone Broth - 32oz",
      "url": "https://www.kettleandfire.com/products/100-grass-fed-beef-bone-broth-32-oz",
      "price": "US$57.96"
    },
    {
      "image": "https://assets.boost.shop/af9d8a1c-3e85-4e90-a059-272e6e4af619/-/format/auto/-/quality/lighter/-/max_icc_size/10/-/resize/700x/",
      "title": "4-Pack: Chicken Bone Broth - 32oz",
      "url": "https://www.kettleandfire.com/products/chicken-bone-broth-32-oz",
      "price": "US$57.96"
    },
    {
      "image": "https://assets.boost.shop/c7678e13-ea7e-428d-952b-479bf6d3079a/-/format/auto/-/quality/lighter/-/max_icc_size/10/-/resize/700x/",
      "title": "4 Pack: Beef Cooking Broth",
      "url": "https://www.kettleandfire.com/products/4-pack-beef-cooking-broth-32oz",
      "price": "US$37.96",
      "nutrition_image": "https://cdn.shopify.com/s/files/1/1775/1825/files/NFP_32oz_Beef_Cooking_Broth.png?v=1723016182&width=700"
    },
    {
      "image": "https://assets.boost.shop/e01b24ce-2b9e-4ca3-a707-57f25a202380/-/format/auto/-/quality/lighter/-/max_icc_size/10/-/resize/700x/",
      "title": "4 Pack: Vegetable Broth - 32oz",
      "url": "https://www.kettleandfire.com/products/4-pack-vegetable-broth-32oz",
      "price": "US$37.96",
      "nutrition_image": "https://cdn.shopify.com/s/files/1/1775/1825/files/NFP_32oz_Vegetable_Cooking_Broth.png?v=1723016068&width=700"
    },
    {
      "image": "https://assets.boost.shop/bd4d5512-165f-4ca9-9829-e6edbcb594ce/-/format/auto/-/quality/lighter/-/max_icc_size/10/-/resize/700x/",
      "title": "4 Pack: Chicken Cooking Broth - 32oz",
      "url": "https://www.kettleandfire.com/products/4-pack-chicken-cooking-broth-32oz",
      "price": "US$37.96",
      "nutrition_image": "https://cdn.shopify.com/s/files/1/1775/1825/files/NFP_32oz_Chicken_Cooking_Broth.png?v=1723015941&width=700"
    },
    {
      "image": "https://assets.boost.shop/439b7625-5c82-4b7d-8d96-d09f2d04e58e/-/format/auto/-/quality/lighter/-/max_icc_size/10/-/resize/700x/",
      "title": "4 Pack: Beef Low Sodium Cooking Broth 32oz",
      "url": "https://www.kettleandfire.com/products/4-pack-beef-low-sodium-cooking-broth-32oz",
      "price": "US$37.96",
      "nutrition_image": "https://cdn.shopify.com/s/files/1/1775/1825/files/NFP_32oz_Low_Sodium_Beef_Cooking_Broth.png?v=1723016535&width=700"
    },
    {
      "image": "https://assets.boost.shop/2d8ce668-6fb9-4259-8def-90e2cd2f7bb7/-/format/auto/-/quality/lighter/-/max_icc_size/10/-/resize/700x/",
      "title": "4 Pack: Vegetable Low Sodium Cooking Broth - 32oz",
      "url": "https://www.kettleandfire.com/products/4-pack-vegetable-low-sodium-cooking-broth-32oz",
      "price": "US$37.96",
      "nutrition_image": "https://cdn.shopify.com/s/files/1/1775/1825/files/NFP_32oz_Low_Sodium_Vegetable_Cooking_Broth.png?v=1723016307&width=700"
    },
    {
      "image": "https://assets.boost.shop/05405b21-0792-4042-ae20-1a6abb925b0e/-/format/auto/-/quality/lighter/-/max_icc_size/10/-/resize/700x/",
      "title": "4 Pack: Chicken Low Sodium Cooking Broth - 32oz",
      "url": "https://www.kettleandfire.com/products/chicken-low-sodium-cooking-broth-32oz",
      "price": "US$37.96",
      "nutrition_image": "https://cdn.shopify.com/s/files/1/1775/1825/files/NFP_32oz_Low_Sodium_Chicken_Cooking_Broth.png?v=1723016423&width=700"
    }
  ]
}
